<?xml version="1.0" encoding="UTF-8"?>
<project xmlns="http://maven.apache.org/POM/4.0.0" xmlns:xsi="http://www.w3.org/2001/XMLSchema-instance" xsi:schemaLocation="http://maven.apache.org/POM/4.0.0 http://maven.apache.org/maven-v4_0_0.xsd">
  <modelVersion>4.0.0</modelVersion>
  <groupId>vn.vitk</groupId>
  <artifactId>vn.vitk</artifactId>
  <name>A Vietnamese Processing Toolkit</name>
  <version>3.0</version>
  <description>A Vietnamese Text Processing Toolkit</description>
  <build>
    <plugins>
      <plugin>
        <artifactId>maven-compiler-plugin</artifactId>
        <version>2.1</version>
        <configuration>
          <source>1.7</source>
          <target>1.7</target>
        </configuration>
      </plugin>
      <plugin>
        <artifactId>maven-shade-plugin</artifactId>
        <version>2.4.3</version>
        <executions>
          <execution>
            <phase>package</phase>
            <goals>
              <goal>shade</goal>
            </goals>
          </execution>
        </executions>
        <configuration>
          <transformers>
            <transformer>
              <mainClass>vn.vitk.Vitk</mainClass>
            </transformer>
          </transformers>
        </configuration>
      </plugin>
    </plugins>
  </build>
  <dependencies>
    <dependency>
      <groupId>org.apache.spark</groupId>
      <artifactId>spark-mllib_2.10</artifactId>
      <version>1.6.1</version>
      <scope>provided</scope>
      <exclusions>
        <exclusion>
          <artifactId>spark-core_2.10</artifactId>
          <groupId>org.apache.spark</groupId>
        </exclusion>
        <exclusion>
          <artifactId>spark-streaming_2.10</artifactId>
          <groupId>org.apache.spark</groupId>
        </exclusion>
        <exclusion>
          <artifactId>spark-graphx_2.10</artifactId>
          <groupId>org.apache.spark</groupId>
        </exclusion>
        <exclusion>
          <artifactId>breeze_2.10</artifactId>
          <groupId>org.scalanlp</groupId>
        </exclusion>
        <exclusion>
          <artifactId>commons-math3</artifactId>
          <groupId>org.apache.commons</groupId>
        </exclusion>
        <exclusion>
          <artifactId>pmml-model</artifactId>
          <groupId>org.jpmml</groupId>
        </exclusion>
        <exclusion>
          <artifactId>unused</artifactId>
          <groupId>org.spark-project.spark</groupId>
        </exclusion>
      </exclusions>
    </dependency>
    <dependency>
      <groupId>org.apache.spark</groupId>
      <artifactId>spark-sql_2.10</artifactId>
      <version>1.6.1</version>
      <scope>provided</scope>
      <exclusions>
        <exclusion>
          <artifactId>spark-catalyst_2.10</artifactId>
          <groupId>org.apache.spark</groupId>
        </exclusion>
        <exclusion>
          <artifactId>parquet-column</artifactId>
          <groupId>org.apache.parquet</groupId>
        </exclusion>
        <exclusion>
          <artifactId>parquet-hadoop</artifactId>
          <groupId>org.apache.parquet</groupId>
        </exclusion>
        <exclusion>
          <artifactId>jackson-databind</artifactId>
          <groupId>com.fasterxml.jackson.core</groupId>
        </exclusion>
        <exclusion>
          <artifactId>spark-core_2.10</artifactId>
          <groupId>org.apache.spark</groupId>
        </exclusion>
        <exclusion>
          <artifactId>unused</artifactId>
          <groupId>org.spark-project.spark</groupId>
        </exclusion>
      </exclusions>
    </dependency>
    <dependency>
      <groupId>com.github.fommil.netlib</groupId>
      <artifactId>all</artifactId>
      <version>1.1.2</version>
      <type>pom</type>
      <scope>compile</scope>
    </dependency>
  </dependencies>
  <properties>
    <project.build.sourceEncoding>UTF-8</project.build.sourceEncoding>
  </properties>
</project>

